id_платежа;обработка
1200000;ручной разбор
1200001;автоматически
1200002;ручной разбор
1200003;автоматически
1200004;автоматически
1200005;автоматически
1200006;автоматически
1200007;автоматически
1200008;автоматически
1200009;автоматически
1200010;автоматически
1200011;автоматически
1200012;автоматически
1200013;автоматически
1200014;ручной разбор
1200015;автоматически
1200016;автоматически
1200017;автоматически
1200018;автоматически
1200019;автоматически
1200020;ручной разбор
1200021;ручной разбор
1200022;автоматически
1200023;автоматически
1200024;автоматически
1200025;ручной разбор
1200026;ручной разбор
1200027;автоматически
1200028;автоматически
1200029;автоматически
1200030;автоматически
1200031;автоматически
1200032;автоматически
1200033;автоматически
1200034;автоматически
1200035;автоматически
1200036;автоматически
1200037;ручной разбор
1200038;автоматически
1200039;ручной разбор
1200040;ручной разбор
1200041;автоматически
1200042;автоматически
1200043;автоматически
1200044;ручной разбор
1200045;автоматически
1200046;автоматически
1200047;автоматически
1200048;автоматически
1200049;автоматически
1200050;автоматически
1200051;автоматически
1200052;автоматически
1200053;автоматически
1200054;автоматически
1200055;автоматически
1200056;автоматически
1200057;автоматически
1200058;автоматически
1200059;автоматически
1200060;автоматически
1200061;автоматически
1200062;автоматически
1200063;автоматически
1200064;ручной разбор
1200065;автоматически
1200066;автоматически
1200067;автоматически
1200068;автоматически
1200069;автоматически
1200070;автоматически
1200071;автоматически
1200072;автоматически
1200073;автоматически
1200074;автоматически
1200075;автоматически
1200076;автоматически
1200077;автоматически
1200078;автоматически
1200079;ручной разбор
1200080;автоматически
1200081;автоматически
1200082;автоматически
1200083;автоматически
1200084;автоматически
1200085;автоматически
1200086;автоматически
1200087;автоматически
1200088;автоматически
1200089;автоматически
1200090;автоматически
1200091;автоматически
1200092;автоматически
1200093;автоматически
1200094;автоматически
1200095;автоматически
1200096;автоматически
1200097;автоматически
1200098;автоматически
1200099;автоматически
1200100;ручной разбор
1200101;автоматически
1200102;автоматически
1200103;автоматически
1200104;автоматически
1200105;автоматически
1200106;автоматически
1200107;автоматически
1200108;автоматически
1200109;автоматически
1200110;автоматически
1200111;автоматически
1200112;автоматически
1200113;автоматически
1200114;автоматически
1200115;автоматически
1200116;автоматически
1200117;автоматически
1200118;ручной разбор
1200119;автоматически
1200120;автоматически
1200121;автоматически
1200122;автоматически
1200123;ручной разбор
1200124;ручной разбор
1200125;автоматически
1200126;автоматически
1200127;автоматически
1200128;автоматически
1200129;автоматически
1200130;автоматически
1200131;автоматически
1200132;автоматически
1200133;автоматически
1200134;автоматически
1200135;автоматически
1200136;ручной разбор
1200137;автоматически
1200138;автоматически
1200139;автоматически
1200140;автоматически
1200141;автоматически
1200142;ручной разбор
1200143;автоматически
1200144;автоматически
1200145;автоматически
1200146;автоматически
1200147;автоматически
1200148;автоматически
1200149;автоматически
1200150;автоматически
1200151;автоматически
1200152;автоматически
1200153;автоматически
1200154;автоматически
1200155;автоматически
1200156;автоматически
1200157;автоматически
1200158;ручной разбор
1200159;автоматически
1200160;автоматически
1200161;автоматически
1200162;автоматически
1200163;автоматически
1200164;автоматически
1200165;автоматически
1200166;автоматически
1200167;автоматически
1200168;ручной разбор
1200169;автоматически
1200170;автоматически
1200171;автоматически
1200172;автоматически
1200173;ручной разбор
1200174;ручной разбор
1200175;автоматически
1200176;автоматически
1200177;автоматически
1200178;автоматически
1200179;автоматически
1200180;автоматически
1200181;автоматически
1200182;автоматически
1200183;автоматически
1200184;автоматически
1200185;автоматически
1200186;автоматически
1200187;ручной разбор
1200188;автоматически
1200189;автоматически
1200190;автоматически
1200191;автоматически
1200192;автоматически
1200193;автоматически
1200194;автоматически
1200195;ручной разбор
1200196;ручной разбор
1200197;автоматически
1200198;автоматически
1200199;автоматически
1200200;автоматически
1200201;автоматически
1200202;ручной разбор
1200203;автоматически
1200204;автоматически
1200205;автоматически
1200206;автоматически
1200207;автоматически
1200208;ручной разбор
1200209;автоматически
1200210;автоматически
1200211;автоматически
1200212;автоматически
1200213;автоматически
1200214;автоматически
1200215;автоматически
1200216;автоматически
1200217;автоматически
1200218;автоматически
1200219;автоматически
1200220;автоматически
1200221;автоматически
1200222;автоматически
1200223;автоматически
1200224;ручной разбор
1200225;автоматически
1200226;автоматически
1200227;ручной разбор
1200228;автоматически
1200229;автоматически
1200230;автоматически
1200231;автоматически
1200232;автоматически
1200233;автоматически
1200234;автоматически
1200235;автоматически
1200236;автоматически
1200237;автоматически
1200238;автоматически
1200239;автоматически
1200240;автоматически
1200241;автоматически
1200242;автоматически
1200243;автоматически
1200244;автоматически
1200245;автоматически
1200246;автоматически
1200247;автоматически
1200248;автоматически
1200249;автоматически
